{
	"class_name" : "PinholeCameraParameters",
	"extrinsic" : 
	[
		9.9936622e-01,
		-3.5507109e-02,
		2.5254204e-03,
		0.0,
		-3.5378102e-02,
		-9.9857569e-01,
		-3.9937358e-02,
		0.0,
		3.9398833e-03,
		3.9822701e-02,
		-9.9919897e-01,
		0.0,
		8.9355512e-05,
		-2.0782677e-04,
		1.6522375e-03,
		1.0
	],
	"intrinsic" : 
	{
		"height" : 680,
		"intrinsic_matrix" : 
		[
			605.63586426,
			0.0,
			0.0,
			0.0,
			605.63360596,
			0.0,
			315.99209595,
			248.97138977,
			1.0
		],
		"width" : 480
	},
	"version_major" : 1,
	"version_minor" : 0
}