{
	"class_name" : "PinholeCameraParameters",
	"extrinsic" : 
	[
		0.9998642,
		-0.00159571,
		0.0164008,
		0.0,
		0.00525071,
		0.9742719,
		-0.22531462,
		0.0,
		-0.0156193,
		0.22537015,
		0.974148,
		0.0,
		-0.00932337,
		0.02030766,
		0.02736385,
		1.0
	],
	"intrinsic" : 
	{
		"height" : 480,
		"intrinsic_matrix" : 
		[
			605.63586426,
			0.0,
			0.0,
			0.0,
			605.63360596,
			0.0,
			315.99209595,
			248.97138977,
			1.0
		],
		"width" : 640
	},
	"version_major" : 1,
	"version_minor" : 0
}