{"alarm clock": [0.26541671514265197, 0.08458017240059046, 0.25043531100573935], "armchair": [0.281029827517019, 0.28232925199523917, 0.47465041088952464], "backpack": [0.49117687397390897, 0.3020890233776743, 0.8200292418673053], "bag": [0.5154995596888579, 0.7980509355621693, 0.33530880189190637], "ball": [0.20878225658397953, 0.2507065922431424, 0.8866766473719645], "bar": [0.663290089346821, 0.8728912334828443, 0.7798180932921139], "basket": [0.6677841812144487, 0.7302679468100346, 0.4212856398149153], "bathroom cabinet": [0.24636247529097932, 0.1570995972309157, 0.5874536083581777], "bathroom counter": [0.7259661408556717, 0.5427425314333028, 0.8072967888418652], "bathroom stall": [0.42945771771771035, 0.6729213276732062, 0.753161357079651], "bathroom stall door": [0.016582054814227476, 0.6641715735263672, 0.6224108024762234], "bathroom vanity": [0.5671770005445108, 0.5726156253531959, 0.6706251647743211], "bathtub": [0.7005006014428014, 0.44776696699016905, 0.18598589472024474], "bed": [0.654562576690675, 0.7961998235165751, 0.7033983996238309], "bench": [0.20280891735575923, 0.39986969389770044, 0.07437681757015879], "bicycle": [0.9433214036866227, 0.025682649829494975, 0.4489783883624163], "bin": [0.7946690553245851, 0.8130066228264936, 0.6338102827257592], "blackboard": [0.6810115138021802, 0.34250139653074685, 0.5706732865424028], "blanket": [0.16295558622812012, 0.677204445384021, 0.5182633978199429], "blinds": [0.5230803866458132, 0.0738222671164861, 0.9091845206387067], "board": [0.2645684966845673, 0.010058734768052857, 0.8716634537922796], "book": [0.5319023842814354, 0.3433488371441141, 0.5437112855180919], "bookshelf": [0.4399416193536718, 0.3307177256308451, 0.5414297590428191], "bottle": [0.03549211440667932, 0.7775466257288703, 0.6833190123917533], "bowl": [0.7982019287252418, 0.3378527444861438, 0.9644012790720919], "box": [0.5355447628977931, 0.338073225533544, 0.9378708890267664], "broom": [0.34961477055005497, 0.5163104235513412, 0.12800504004612956], "bucket": [0.6009915583641343, 0.4328127773720578, 0.30558764873358635], "bulletin board": [0.7698388385885441, 0.08873590890739746, 0.34154715641091693], "cabinet": [0.9915560465231829, 0.26786961414858, 0.7377334509970924], "calendar": [0.6546081848639033, 0.4611103183589925, 0.4748523234935751], "candle": [0.032200550529834726, 0.7342001520976885, 0.31800635338239935], "cart": [0.30978644389124066, 0.08912566863275795, 0.7347679912285344], "case of water bottles": [0.7845363116156022, 0.07752678100699473, 0.5468112048975681], "cd case": [0.14397909907983797, 0.8558919123808824, 0.00045327095790725913], "ceiling": [0.9995757351762485, 0.8804525186839487, 0.7278216221346567], "ceiling light": [0.6821628051339653, 0.7217626976995567, 0.8799211525132934], "chair": [0.20668670271275624, 0.18701489923331116, 0.6474849224776104], "clock": [0.2873958458844279, 0.3283814168623347, 0.5842864733828329], "closet": [0.7705965072668749, 0.7683512945788957, 0.6238343179600347], "closet door": [0.7499479569050161, 0.9813761451017464, 0.9081844874866136], "closet rod": [0.11259109861578886, 0.4371811023011245, 0.017200774093272364], "closet wall": [0.5444479120664076, 0.40507539864401076, 0.35650783667128794], "clothes": [0.5361207315433899, 0.5824924670086651, 0.12521239836652986], "clothes dryer": [0.9539381382478942, 0.6541654377410818, 0.033825356668629736], "coat rack": [0.21660427161421192, 0.8556768751458129, 0.013677967455739126], "coffee kettle": [0.09092673623954184, 0.067318420972179, 0.7815861141674657], "coffee maker": [0.5373995077681651, 0.6328476797935996, 0.5966408639512936], "coffee table": [0.16186155891719511, 0.9182560173529275, 0.03541018640593763], "column": [0.6362571172619685, 0.44736098887072206, 0.9404648356907954], "computer tower": [0.10484117161961759, 0.5022207192911117, 0.41328777140785933], "container": [0.6463882769227316, 0.3141018463718389, 0.9343280711067653], "copier": [0.16981007484485877, 0.15197396302477773, 0.6969229615467911], "couch": [0.5570082048661158, 0.3904089240343265, 0.8947476693537145], "counter": [0.21361802737235946, 0.5199568411268565, 0.31691069817088013], "crate": [0.6870247866875336, 0.23495777520914152, 0.25326564530357576], "cup": [0.4216878641799343, 0.9584075040399289, 0.9549080302819292], "curtain": [0.6275390556022977, 0.4453086296120218, 0.588307531796871], "cushion": [0.638473138481449, 0.11906632931191796, 0.7272280192673038], "decoration": [0.2627553176209606, 0.00594073642426074, 0.5777556091785695], "desk": [0.8553293233569678, 0.7402477629256643, 0.6176579215846609], "dining table": [0.010159916617373366, 0.13426178628400898, 0.1934110601679394], "dish rack": [0.024404397389777732, 0.9250369973872244, 0.755217876457742], "dishwasher": [0.47139004858167266, 0.006381705593434983, 0.11814029155165007], "divider": [0.9591039565529104, 0.12866972742895932, 0.29860700260740114], "door": [0.5875573692516797, 0.5159243504978277, 0.21491682991768457], "doorframe": [0.33172830209832815, 0.6852882955635778, 0.03887238449032526], "dresser": [0.22882964869144806, 0.8166954135669422, 0.9102832865692452], "dumbbell": [0.9554991983979877, 0.7315291484837887, 0.18064375592717663], "dustpan": [0.8575791433611395, 0.024029758458066874, 0.026545764086371215], "end table": [0.7572502152116082, 0.8815005180842929, 0.5326814669232073], "fan": [0.6203924947383391, 0.5091018510772237, 0.8819825960246216], "file cabinet": [0.7412986236458816, 0.7788544019190718, 0.5473796134101936], "fire alarm": [0.6250006525021885, 0.8642711836674086, 0.37375992683262094], "fire extinguisher": [0.9730686021997842, 0.839997500985537, 0.07650226749717814], "fireplace": [0.7696524113031653, 0.9786542123421829, 0.10808852183262174], "floor": [0.12001057671332704, 0.8804154056313079, 0.26533535461809343], "folded chair": [0.2955206024219814, 0.6984984026250157, 0.5861305634719542], "furniture": [0.9261484131565028, 0.5959039911126482, 0.7064759142986518], "guitar": [0.7841382948574309, 0.3817594893456755, 0.21647508151096584], "guitar case": [0.5805595926994008, 0.6083883323176958, 0.5000700988398469], "hair dryer": [0.1110381509115339, 0.37140589707279204, 0.6044638982251301], "handicap bar": [0.5758210524677077, 0.927352642881786, 0.30817372969417], "hat": [0.857627696218793, 0.3155618215022217, 0.18930668405347995], "headphones": [0.4092400105431977, 0.16286017377665085, 0.5568582487852045], "ironing board": [0.5859449769629621, 0.44820822586392994, 0.43096608000063674], "jacket": [0.7784755732451734, 0.022723551093170702, 0.13147769257858288], "keyboard": [0.056314288675404334, 0.9310427714414306, 0.05983788290166314], "keyboard piano": [0.3472456148776982, 0.09187294286389003, 0.7183894184944875], "kitchen cabinet": [0.7818840879741243, 0.238337335432958, 0.7705853057089926], "kitchen counter": [0.8340475060347271, 0.34907335062913447, 0.0944157034364359], "ladder": [0.25101515099720384, 0.7221833490102675, 0.1128593961098876], "lamp": [0.5524680603555052, 0.6540444538774164, 0.42830522816860905], "laptop": [0.7544506222739176, 0.9248300843580426, 0.8162494682972933], "laundry basket": [0.15747213865638243, 0.4172855979395962, 0.6691503741934438], "laundry detergent": [0.9641418945270653, 0.44271177252914473, 0.37126681198468614], "laundry hamper": [0.24441119023749347, 0.21622970596799984, 0.007397251981000164], "ledge": [0.21842236145482918, 0.5116579226503901, 0.2370370414303954], "light": [0.764172100356632, 0.7904785712408812, 0.3277002508327066], "light switch": [0.510944986523887, 0.6878643515823936, 0.868519691468252], "luggage": [0.32573820763746875, 0.9808832941677278, 0.4492615289261416], "machine": [0.03286662716436428, 0.1314543505741016, 0.09969058106344686], "mailbox": [0.9858588190377403, 0.40617420478428345, 0.8113673903677988], "mat": [0.3133814668870152, 0.2276859192536732, 0.47828427999111744], "mattress": [0.26344526347459585, 0.5924216339289278, 0.45886257818256604],